{
  "duration_s": 770,
  "static_fraction": 0.8491547464239272,
  "cues_per_ten_min": 17.142857142857142,
  "longest_uncued_s": 49,
  "timeline_cues_s": [
    45,
    65,
    112,
    153,
    175,
    216,
    265,
    309,
    350,
    371,
    391,
    439,
    486,
    525,
    569,
    603,
    634,
    654,
    674,
    694,
    733,
    753
  ],
  "segments": [
    {
      "index": 0,
      "start_s": 0,
      "end_s": 733,
      "media_resolution": "Low",
      "cues_s": [
        45,
        65,
        112,
        153,
        175,
        216,
        265,
        309,
        350,
        371,
        391,
        439,
        486,
        525,
        569,
        603,
        634,
        654,
        674,
        694
      ]
    },
    {
      "index": 1,
      "start_s": 713,
      "end_s": 770,
      "media_resolution": "Default",
      "cues_s": [
        20,
        40
      ]
    }
  ]
}